
INSERT INTO Shop(id,name,city,street,number)
VALUES (1, 'Extra Pamiątki', 'Warszawa','Wodzickiego','68');
INSERT INTO Shop(id,name,city,street,number)
VALUES (2, 'Nasze Pamiątki', 'Kraków','Starzynskiego','39');
INSERT INTO Shop(id,name,city,street,number)
VALUES (3, 'Krakowski Pamiątki', 'Kraków','Starzynskiego','32');
INSERT INTO Shop(id,name,city,street,number)
VALUES (4, 'Twoje Pamiątki', 'Poznań','Kiedrzynska','70');
INSERT INTO Shop(id,name,city,street,number)
VALUES (5, 'Najlepsze Pamiątki', 'Wrocław','PCK','73');

INSERT INTO Customer(id, shop_id, name, surname, city, street, number)
VALUES (1,1,'Danuta', 'Baczynska', 'Krakow','Kiedrzynska','42');
INSERT INTO Customer(id, shop_id, name, surname, city, street, number)
VALUES (2,1,'Maria', 'Berdysowa', 'Warszawa','Wyzwolenia','80');
INSERT INTO Customer(id, shop_id, name, surname, city, street, number)
VALUES (3,1, 'Ewa', 'Byczkowska', 'Warszawa','Ludowa','83');
INSERT INTO Customer(id, shop_id, name, surname, city, street, number)
VALUES (4,1, 'Aneta', 'Cygan', 'Kraków','Sportowa','89');
INSERT INTO Customer(id, shop_id, name, surname, city, street, number)
VALUES (5,1, 'Henryka', 'Cygan', 'Warszawa','Sportowa','88');
INSERT INTO Customer(id, shop_id, name, surname, city, street, number)
VALUES (6,1, 'Aneta', 'Czarnoleska', 'Kraków','Fieldorfa','39');
INSERT INTO Customer(id, shop_id, name, surname, city, street, number)
VALUES (7,1, 'Beata', 'Derda', 'Wrocław','Porajska','79');
INSERT INTO Customer(id, shop_id, name, surname, city, street, number)
VALUES (8,1 , 'Anna', 'Frukacz', 'Poznan','Kiedrzynska','95');
INSERT INTO Customer(id, shop_id, name, surname, city, street, number)
VALUES (9,1 , 'Ewa', 'Gnutek', 'Poznan','Kiedrzynska','15');
INSERT INTO Customer(id, shop_id, name, surname, city, street, number)
VALUES (10,1 , 'Maciej', 'Jeziak', 'Poznan','Starzynskiego','39');
INSERT INTO Customer(id, shop_id, name, surname, city, street, number)
VALUES (11,1 , 'Magdalena', 'Kamil', 'Warszawa','Ksiezycowa','70');
INSERT INTO Customer(id, shop_id, name, surname, city, street, number)
VALUES (12,1 , 'Bartosz', 'Kasperczyk', 'Kraków','Fieldorfa','8');
INSERT INTO Customer(id, shop_id, name, surname, city, street, number)
VALUES (13,1 , 'Barbara', 'Kedzierska', 'Poznan','Kiedrzynska','39');
INSERT INTO Customer(id, shop_id, name, surname, city, street, number)
VALUES (14,1 , 'Beata', 'Konieczna', 'Kraków','Mickiewicza','41');
INSERT INTO Customer(id, shop_id, name, surname, city, street, number)
VALUES (15,1 , 'Adam', 'Kowalski', 'Warszawa','Kopernika','34');
INSERT INTO Customer(id, shop_id, name, surname, city, street, number)
VALUES (16,2 , 'Ewa', 'Luft', 'Katowice','Wodzickiego','68');
INSERT INTO Customer(id, shop_id, name, surname, city, street, number)
VALUES (17,2 , 'Krystyna', 'Majewska', 'Warszawa','Mireckiego','28');
INSERT INTO Customer(id, shop_id, name, surname, city, street, number)
VALUES (18,2 , 'Karolina', 'Paciepnik', 'Katowice','Starzynskiego','39');
INSERT INTO Customer(id, shop_id, name, surname, city, street, number)
VALUES (19,2 , 'Krystyna', 'Patryarcha', 'Warszawa','Kiedrzynska','70');
INSERT INTO Customer(id, shop_id, name, surname, city, street, number)
VALUES (20,2 , 'Zbigniewa', 'Prusko', 'Gdańsk','Sejmowa','97');
INSERT INTO Customer(id, shop_id, name, surname, city, street, number)
VALUES (21,2 , 'Pustul', 'Dorota', 'Wrocław','Broniewskiego','92');
INSERT INTO Customer(id, shop_id, name, surname, city, street, number)
VALUES (22,2 , 'Monika', 'Radzikowska', 'Wrocław','Partnerska','4');
INSERT INTO Customer(id, shop_id, name, surname, city, street, number)
VALUES (23,2 , 'Magdalena', 'Romianowska', 'Wrocław','PCK','73');
INSERT INTO Customer(id, shop_id, name, surname, city, street, number)
VALUES (24,2 , 'Katarzyna', 'Sielecka', 'Katowice','Wyzwolenia','18');
INSERT INTO Customer(id, shop_id, name, surname, city, street, number)
VALUES (25,2 , 'Genowefa', 'Sobczyk', 'Wrocław','Mehoffera','84');
INSERT INTO Customer(id, shop_id, name, surname, city, street, number)
VALUES (26,2 , 'Maria', 'Spracel', 'Gdańsk','Kiedrzynska','28');
INSERT INTO Customer(id, shop_id, name, surname, city, street, number)
VALUES (27,2 , 'Magda', 'Szymocha', 'Gdańsk','Kwiatkowskiego','21');
INSERT INTO Customer(id, shop_id, name, surname, city, street, number)
VALUES (28,2 , 'Olga', 'Turlejska', 'Gdańsk','Lechonia','90');
INSERT INTO Customer(id, shop_id, name, surname, city, street, number)
VALUES (29,2 , 'Joanna', 'Wojtak', 'Katowice','Kiedrzynska','15');
INSERT INTO Customer(id, shop_id, name, surname, city, street, number)
VALUES (30,2 , 'Adam', 'Woldanski', 'Warszawa','Kiedrzynska','65');
INSERT INTO Customer(id, shop_id, name, surname, city, street, number)
VALUES (31,2 , 'Irena', 'Bednarczyk', 'Warszawa','Mickiewicza','3');
INSERT INTO Customer(id, shop_id, name, surname, city, street, number)
VALUES (32,3 , 'Agnieszka', 'Miekina', 'Warszawa','Mickiewicza','69');
INSERT INTO Customer(id, shop_id, name, surname, city, street, number)
VALUES (33,3 , 'Jan', 'Nowakowski', 'Kraków','Lechonia','8');
INSERT INTO Customer(id, shop_id, name, surname, city, street, number)
VALUES (34,3 , 'Magdalena', 'Pluta', 'Kraków','Baczynskiego','56');
INSERT INTO Customer(id, shop_id, name, surname, city, street, number)
VALUES (35,3 , 'Barbara', 'Plusa', 'Kraków','Kiedrzynska','6');
INSERT INTO Customer(id, shop_id, name, surname, city, street, number)
VALUES (36,3 , 'Ewelina', 'Rykala', 'Warszawa','Okulickiego','81');
INSERT INTO Customer(id, shop_id, name, surname, city, street, number)
VALUES (37,3 , 'Magdalena', 'Rys', 'Poznan','Mehoffera','5');
INSERT INTO Customer(id, shop_id, name, surname, city, street, number)
VALUES (38,3 , 'Zofia', 'Sikora', 'Warszawa','Broniewskiego','2');
INSERT INTO Customer(id, shop_id, name, surname, city, street, number)
VALUES (39,3 , 'Agnieszka', 'Sikorska', 'Kraków','PCK','32');
INSERT INTO Customer(id, shop_id, name, surname, city, street, number)
VALUES (40,3 , 'Beata', 'Stan', 'Warszawa','Wodzickiego','51');
INSERT INTO Customer(id, shop_id, name, surname, city, street, number)
VALUES (41,4 , 'Monika', 'Radzikowska', 'Warszawa','Partnerska','4');
INSERT INTO Customer(id, shop_id, name, surname, city, street, number)
VALUES (42,4 , 'Magdalena', 'Romianowska', 'Wrocław','PCK','73');
INSERT INTO Customer(id, shop_id, name, surname, city, street, number)
VALUES (43,4 , 'Katarzyna', 'Sielecka', 'Opole','Wyzwolenia','18');
INSERT INTO Customer(id, shop_id, name, surname, city, street, number)
VALUES (44,4 , 'Genowefa', 'Sobczyk', 'Opole','Mehoffera','84');
INSERT INTO Customer(id, shop_id, name, surname, city, street, number)
VALUES (45,4 , 'Maria', 'Spracel', 'Warszawa','Kiedrzynska','28');
INSERT INTO Customer(id, shop_id, name, surname, city, street, number)
VALUES (46,4 , 'Magda', 'Szymocha', 'Opole','Kwiatkowskiego','21');
INSERT INTO Customer(id, shop_id, name, surname, city, street, number)
VALUES (47,4 , 'Olga', 'Turlejska', 'Warszawa','Lechonia','90');
INSERT INTO Customer(id, shop_id, name, surname, city, street, number)
VALUES (48,4 , 'Joanna', 'Wojtak', 'Katowice','Kiedrzynska','15');
INSERT INTO Customer(id, shop_id, name, surname, city, street, number)
VALUES (49,4 , 'Adam', 'Woldanski', 'Katowice','Kiedrzynska','65');
INSERT INTO Customer(id, shop_id, name, surname, city, street, number)
VALUES (50,4 , 'Irena', 'Bednarczyk', 'Warszawa','Mickiewicza','3');
INSERT INTO Customer(id, shop_id, name, surname, city, street, number)
VALUES (51,4 , 'Barbara', 'Bednarska', 'Katowice','Lechonia','7');
INSERT INTO Customer(id, shop_id, name, surname, city, street, number)
VALUES (52,4 , 'Iwona', 'Bialek', 'Opole','Kopernika','2');
INSERT INTO Customer(id, shop_id, name, surname, city, street, number)
VALUES (53,4 , 'Beata', 'Biczyska', 'Wrocław','Mehoffera','77');
INSERT INTO Customer(id, shop_id, name, surname, city, street, number)
VALUES (54,4 , 'Grazyna', 'Dawidson', 'Wrocław','Armii Krajowej','33');
INSERT INTO Customer(id, shop_id, name, surname, city, street, number)
VALUES (55,4 , 'Arkadiusz', 'Dobosz', 'Wrocław','Sportowa','94');
INSERT INTO Customer(id, shop_id, name, surname, city, street, number)
VALUES (56,4 , 'Grzegorz', 'Dudek', 'Warszawa','Iwaszkiewicza','44');
INSERT INTO Customer(id, shop_id, name, surname, city, street, number)
VALUES (57,5 , 'Iwona', 'lapaj', 'Warszawa','Broniewskiego','88');
INSERT INTO Customer(id, shop_id, name, surname, city, street, number)
VALUES (58,5 , 'Zbigniewa', 'Malecka', 'Katowice','Nadrzeczna','54');
INSERT INTO Customer(id, shop_id, name, surname, city, street, number)
VALUES (59,5 , 'Ilona', 'Messyasz', 'Katowice','Fieldorfa','58');
INSERT INTO Customer(id, shop_id, name, surname, city, street, number)
VALUES (60,5 , 'Agnieszka', 'Miekina', 'Katowice','Mickiewicza','69');
INSERT INTO Customer(id, shop_id, name, surname, city, street, number)
VALUES (61,5 , 'Jan', 'Nowakowski', 'Opole','Lechonia','8');
INSERT INTO Customer(id, shop_id, name, surname, city, street, number)
VALUES (62,5 , 'Jan', 'Nowakowski', 'Opole','Baczynskiego','56');
INSERT INTO Customer(id, shop_id, name, surname, city, street, number)
VALUES (63,5 , 'Zofia', 'Pluta', 'Opole','Kiedrzynska','6');
INSERT INTO Customer(id, shop_id, name, surname, city, street, number)
VALUES (64,5 , 'Magdalena', 'Plusa', 'Opole','Okulickiego','81');
INSERT INTO Customer(id, shop_id, name, surname, city, street, number)
VALUES (65,5 , 'Ewelina', 'Rys', 'Warszawa','Mehoffera','5');
INSERT INTO Customer(id, shop_id, name, surname, city, street, number)
VALUES (66,5 , 'Zofia', 'Sikorsk', 'Opole','Broniewskiego','3');
INSERT INTO Customer(id, shop_id, name, surname, city, street, number)
VALUES (67,5 , 'Zofia', 'Sikorska', 'Katowice','PCK','32');
INSERT INTO Customer(id, shop_id, name, surname, city, street, number)
VALUES (68,5 , 'Ewelina', 'Stan', 'Warszawa','Wodzickiego','51');

INSERT INTO Product(id, shop_id, name, price)
VALUES (1, 1, 'wino',24 );
INSERT INTO Product(id, shop_id, name, price)
VALUES (2, 1, 'maskotka',12 );
INSERT INTO Product(id, shop_id, name, price)
VALUES (3, 1, 'maskotka',87 );
INSERT INTO Product(id, shop_id, name, price)
VALUES (4, 1, 'pocztówka',85 );
INSERT INTO Product(id, shop_id, name, price)
VALUES (5, 1, 'pocztówka',345 );
INSERT INTO Product(id, shop_id, name, price)
VALUES (6, 1, 'piasek',12 );
INSERT INTO Product(id, shop_id, name, price)
VALUES (7, 1, 'wino',16 );
INSERT INTO Product(id, shop_id, name, price)
VALUES (8, 1, 'piwo',4 );
INSERT INTO Product(id, shop_id, name, price)
VALUES (9, 1, 'wino',24 );

INSERT INTO Product(id, shop_id, name, price)
VALUES (10, 1, 'obraz',24 );
INSERT INTO Product(id, shop_id, name, price)
VALUES (11, 1, 'obraz',24 );
INSERT INTO Product(id, shop_id, name, price)
VALUES (12, 1, 'obraz',12 );
INSERT INTO Product(id, shop_id, name, price)
VALUES (13, 1, 'pocztówka',87 );
INSERT INTO Product(id, shop_id, name, price)
VALUES (14, 1, 'pocztówka',85 );
INSERT INTO Product(id, shop_id, name, price)
VALUES (15, 1, 'piasek',345 );
INSERT INTO Product(id, shop_id, name, price)
VALUES (16, 1, 'wino',12 );
INSERT INTO Product(id, shop_id, name, price)
VALUES (17, 1, 'obraz',16 );
INSERT INTO Product(id, shop_id, name, price)
VALUES (18, 1, 'obraz',4 );
INSERT INTO Product(id, shop_id, name, price)
VALUES (19, 1, 'obraz',24 );

INSERT INTO Product(id, shop_id, name, price)
VALUES (20, 1, 'obraz',24 );
INSERT INTO Product(id, shop_id, name, price)
VALUES (21, 1, 'obraz',24 );
INSERT INTO Product(id, shop_id, name, price)
VALUES (22, 1, 'obraz',12 );
INSERT INTO Product(id, shop_id, name, price)
VALUES (23, 1, 'pocztówka',87 );
INSERT INTO Product(id, shop_id, name, price)
VALUES (24, 1, 'pocztówka',85 );
INSERT INTO Product(id, shop_id, name, price)
VALUES (25, 1, 'piasek',345 );
INSERT INTO Product(id, shop_id, name, price)
VALUES (26, 1, 'wino',12 );
INSERT INTO Product(id, shop_id, name, price)
VALUES (27, 1, 'obraz',16 );
INSERT INTO Product(id, shop_id, name, price)
VALUES (28, 1, 'obraz',4 );
INSERT INTO Product(id, shop_id, name, price)
VALUES (29, 1, 'obraz',24 );


INSERT INTO Product(id, shop_id, name, price)
VALUES (30, 2, 'maskotka',24 );
INSERT INTO Product(id, shop_id, name, price)
VALUES (31, 2, 'pocztówka',24 );
INSERT INTO Product(id, shop_id, name, price)
VALUES (32, 2, 'pocztówka',12 );
INSERT INTO Product(id, shop_id, name, price)
VALUES (33, 2, 'wino',87 );
INSERT INTO Product(id, shop_id, name, price)
VALUES (34, 2, 'pocztówka',85 );
INSERT INTO Product(id, shop_id, name, price)
VALUES (35, 2, 'piasek',345 );
INSERT INTO Product(id, shop_id, name, price)
VALUES (36, 2, 'maskotka',12 );
INSERT INTO Product(id, shop_id, name, price)
VALUES (37, 2, 'maskotka',16 );
INSERT INTO Product(id, shop_id, name, price)
VALUES (38, 2, 'maskotka',41 );
INSERT INTO Product(id, shop_id, name, price)
VALUES (39, 2, 'maskotka',24 );
INSERT INTO Product(id, shop_id, name, price)
VALUES (40, 2, 'maskotka',24 );
INSERT INTO Product(id, shop_id, name, price)
VALUES (41, 2, 'pocztówka',24 );
INSERT INTO Product(id, shop_id, name, price)
VALUES (42, 2, 'pocztówka',12 );
INSERT INTO Product(id, shop_id, name, price)
VALUES (43, 2, 'wino',87 );
INSERT INTO Product(id, shop_id, name, price)
VALUES (44, 2, 'pocztówka',85 );
INSERT INTO Product(id, shop_id, name, price)
VALUES (45, 2, 'piasek',345 );
INSERT INTO Product(id, shop_id, name, price)
VALUES (46, 2, 'maskotka',12 );
INSERT INTO Product(id, shop_id, name, price)
VALUES (47, 2, 'maskotka',16 );
INSERT INTO Product(id, shop_id, name, price)
VALUES (48, 2, 'maskotka',41 );
INSERT INTO Product(id, shop_id, name, price)
VALUES (49, 2, 'maskotka',24 );
INSERT INTO Product(id, shop_id, name, price)
VALUES (50, 2, 'maskotka',24 );
INSERT INTO Product(id, shop_id, name, price)
VALUES (51, 2, 'pocztówka',24 );
INSERT INTO Product(id, shop_id, name, price)
VALUES (52, 2, 'pocztówka',12 );
INSERT INTO Product(id, shop_id, name, price)
VALUES (53, 2, 'wino',87 );
INSERT INTO Product(id, shop_id, name, price)
VALUES (54, 2, 'pocztówka',85 );
INSERT INTO Product(id, shop_id, name, price)
VALUES (55, 2, 'piasek',345 );
INSERT INTO Product(id, shop_id, name, price)
VALUES (56, 2, 'maskotka',12 );
INSERT INTO Product(id, shop_id, name, price)
VALUES (57, 2, 'maskotka',16 );
INSERT INTO Product(id, shop_id, name, price)
VALUES (58, 2, 'maskotka',41 );
INSERT INTO Product(id, shop_id, name, price)
VALUES (59, 2, 'maskotka',24 );

INSERT INTO Product(id, shop_id, name, price)
VALUES (60, 3, 'naklejka', 23);
INSERT INTO Product(id, shop_id, name, price)
VALUES (61, 3, 'piwo',12 );
INSERT INTO Product(id, shop_id, name, price)
VALUES (62, 3, 'pocztówka',6 );
INSERT INTO Product(id, shop_id, name, price)
VALUES (63, 3, 'piasek',72 );
INSERT INTO Product(id, shop_id, name, price)
VALUES (64, 3, 'muszla', 6);
INSERT INTO Product(id, shop_id, name, price)
VALUES (65, 3, 'muszla', 6);
INSERT INTO Product(id, shop_id, name, price)
VALUES (66, 3, 'muszla', 6);
INSERT INTO Product(id, shop_id, name, price)
VALUES (67, 3, 'muszla', 6);
INSERT INTO Product(id, shop_id, name, price)
VALUES (68, 3, 'maskotka', 9);
INSERT INTO Product(id, shop_id, name, price)
VALUES (69, 3, 'maskotka', 9);
INSERT INTO Product(id, shop_id, name, price)
VALUES (70, 3, 'maskotka', 9);
INSERT INTO Product(id, shop_id, name, price)
VALUES (71, 3, 'pocztówka', 10);
INSERT INTO Product(id, shop_id, name, price)
VALUES (72, 3, 'pocztówka', 10 );
INSERT INTO Product(id, shop_id, name, price)
VALUES (73, 3, 'piasek', 11);
INSERT INTO Product(id, shop_id, name, price)
VALUES (74, 3, 'wino', 11);
INSERT INTO Product(id, shop_id, name, price)
VALUES (75, 3, 'obraz', 11);
INSERT INTO Product(id, shop_id, name, price)
VALUES (76, 3, 'obraz', 20);
INSERT INTO Product(id, shop_id, name, price)
VALUES (77, 3, 'piasek', 20);
INSERT INTO Product(id, shop_id, name, price)
VALUES (78, 3, 'muszla',20 );
INSERT INTO Product(id, shop_id, name, price)
VALUES (79, 3, 'muszla', 25);
INSERT INTO Product(id, shop_id, name, price)
VALUES (80, 3, 'muszla', 24);
INSERT INTO Product(id, shop_id, name, price)
VALUES (81, 3, 'muszla', 24 );
INSERT INTO Product(id, shop_id, name, price)
VALUES (82, 3, 'maskotka', 65);
INSERT INTO Product(id, shop_id, name, price)
VALUES (83, 3, 'maskotka', 43 );
INSERT INTO Product(id, shop_id, name, price)
VALUES (84, 3, 'maskotka', 87 );
INSERT INTO Product(id, shop_id, name, price)
VALUES (85, 3, 'maskotka', 67 );
INSERT INTO Product(id, shop_id, name, price)
VALUES (86, 3, 'pocztówka', 23 );
INSERT INTO Product(id, shop_id, name, price)
VALUES (87, 3, 'pocztówka',13 );
INSERT INTO Product(id, shop_id, name, price)
VALUES (88, 3, 'piwo', 5);


INSERT INTO Product(id, shop_id, name, price)
VALUES (89, 4, 'piasek', 23 );
INSERT INTO Product(id, shop_id, name, price)
VALUES (90, 4, 'muszla', 23 );
INSERT INTO Product(id, shop_id, name, price)
VALUES (91, 4, 'muszla', 33);
INSERT INTO Product(id, shop_id, name, price)
VALUES (92, 4, 'muszla', 33);
INSERT INTO Product(id, shop_id, name, price)
VALUES (93, 4, 'misiek', 11);
INSERT INTO Product(id, shop_id, name, price)
VALUES (94, 4, 'maskotka', 11);
INSERT INTO Product(id, shop_id, name, price)
VALUES (95, 4, 'maskotka', 11);
INSERT INTO Product(id, shop_id, name, price)
VALUES (96, 4, 'maskotka', 10);
INSERT INTO Product(id, shop_id, name, price)
VALUES (97, 4, 'pocztówka', 12);
INSERT INTO Product(id, shop_id, name, price)
VALUES (98, 4, 'pocztówka', 23 );
INSERT INTO Product(id, shop_id, name, price)
VALUES (99, 4, 'piasek', 12);
INSERT INTO Product(id, shop_id, name, price)
VALUES (100, 4, 'piasek', 32);
INSERT INTO Product(id, shop_id, name, price)
VALUES (101, 4, 'wino', 35);
INSERT INTO Product(id, shop_id, name, price)
VALUES (102, 4, 'piwo', 87);
INSERT INTO Product(id, shop_id, name, price)
VALUES (103, 4, 'obraz', 12);
INSERT INTO Product(id, shop_id, name, price)
VALUES (104, 4, 'obraz', 8);
INSERT INTO Product(id, shop_id, name, price)
VALUES (105, 4, 'obraz', 8);
INSERT INTO Product(id, shop_id, name, price)
VALUES (106, 4, 'obraz', 8);
INSERT INTO Product(id, shop_id, name, price)
VALUES (107, 4, 'obraz', 21);
INSERT INTO Product(id, shop_id, name, price)
VALUES (108, 4, 'OBRAZ', 32);


INSERT INTO Product(id, shop_id, name, price)
VALUES (109, 5, 'OBRAZ', 32);
INSERT INTO Product(id, shop_id, name, price)
VALUES (110, 5, 'piasek', 20);
INSERT INTO Product(id, shop_id, name, price)
VALUES (111, 5, 'wino', 30);
INSERT INTO Product(id, shop_id, name, price)
VALUES (112, 5, 'maskotka', 30);
INSERT INTO Product(id, shop_id, name, price)
VALUES (113, 5, 'maskotka', 30);
INSERT INTO Product(id, shop_id, name, price)
VALUES (114, 5, 'maskotka', 30);
INSERT INTO Product(id, shop_id, name, price)
VALUES (115, 5, 'pocztówka', 30);
INSERT INTO Product(id, shop_id, name, price)
VALUES (116, 5, 'pocztówka', 45);
INSERT INTO Product(id, shop_id, name, price)
VALUES (117, 5, 'obraz',45);
INSERT INTO Product(id, shop_id, name, price)
VALUES (118, 5, 'piasek', 45);
INSERT INTO Product(id, shop_id, name, price)
VALUES (119, 5, 'wino', 32);
INSERT INTO Product(id, shop_id, name, price)
VALUES (120, 5, 'piasek',32);
INSERT INTO Product(id, shop_id, name, price)
VALUES (121, 5, 'wino', 32);
INSERT INTO Product(id, shop_id, name, price)
VALUES (122, 5, 'piwo', 32);
INSERT INTO Product(id, shop_id, name, price)
VALUES (123, 5, 'obraz',32 );
INSERT INTO Product(id, shop_id, name, price)
VALUES (124, 5, 'obraz',  15);
INSERT INTO Product(id, shop_id, name, price)
VALUES (125, 5, 'obraz',45 );
INSERT INTO Product(id, shop_id, name, price)
VALUES (126, 5, 'obraz', 45);
INSERT INTO Product(id, shop_id, name, price)
VALUES (127, 5, 'obraz',  15);
INSERT INTO Product(id, shop_id, name, price)
VALUES (128, 5, 'obraz', 20);
INSERT INTO Product(id, shop_id, name, price)
VALUES (129, 5, 'obraz', 20);
INSERT INTO Product(id, shop_id, name, price)
VALUES (130, 5, 'piasek', 15);
INSERT INTO Product(id, shop_id, name, price)
VALUES (131, 5, 'wino',12 );
INSERT INTO Product(id, shop_id, name, price)
VALUES (132, 5, 'piwo',12 );
INSERT INTO Product(id, shop_id, name, price)
VALUES (133, 5, 'obraz', 15);
INSERT INTO Product(id, shop_id, name, price)
VALUES (134, 5, 'naklejka',15 );
INSERT INTO Product(id, shop_id, name, price)
VALUES (135, 5, 'naklejka', 15);
INSERT INTO Product(id, shop_id, name, price)
VALUES (136, 5, 'maskotka',15 );
INSERT INTO Product(id, shop_id, name, price)
VALUES (137, 5, 'maskotka',12 );
INSERT INTO Product(id, shop_id, name, price)
VALUES (138, 5, 'maskotka', 12);
INSERT INTO Product(id, shop_id, name, price)
VALUES (139, 5, 'pocztówka',12 );

INSERT INTO product_sold(id, shop_id, customer_id, name, price)
VALUES (1, 1, 5, 'maskotka',24 );
INSERT INTO product_sold(id, shop_id, customer_id, name, price)
VALUES (2, 1, 9, 'pocztówka',12 );
INSERT INTO product_sold(id, shop_id, customer_id, name, price)
VALUES (3, 1, 7, 'pocztówka',87 );
INSERT INTO product_sold(id, shop_id, customer_id, name, price)
VALUES (4, 1, 4, 'piasek',85 );
INSERT INTO product_sold(id, shop_id, customer_id, name, price)
VALUES (5, 1, 4, 'wino',345 );
INSERT INTO product_sold(id, shop_id, customer_id, name, price)
VALUES (6, 1, 1, 'piwo',12 );
INSERT INTO product_sold(id, shop_id, customer_id, name, price)
VALUES (7, 1, 2,'wino',16 );
INSERT INTO product_sold(id, shop_id, customer_id, name, price)
VALUES (8, 1, 5,'piwo',4 );
INSERT INTO product_sold(id, shop_id, customer_id, name, price)
VALUES (9, 1, 3,'wino',24 );
INSERT INTO product_sold(id, shop_id, customer_id, name, price)
VALUES (10, 1, 4,'wino',24 );
INSERT INTO product_sold(id, shop_id, customer_id, name, price)
VALUES (11, 1, 11,'wino',24 );
INSERT INTO product_sold(id, shop_id, customer_id, name, price)
VALUES (12, 1, 12,'maskotka',12 );
INSERT INTO product_sold(id, shop_id, customer_id, name, price)
VALUES (13, 1, 11,'maskotka',87 );
INSERT INTO product_sold(id, shop_id, customer_id, name, price)
VALUES (14, 1, 14,'pocztówka',85 );
INSERT INTO product_sold(id, shop_id, customer_id, name, price)
VALUES (15, 1,  15, 'pocztówka',345 );
INSERT INTO product_sold(id, shop_id, customer_id, name, price)
VALUES (16, 1, 7,'piasek',12 );
INSERT INTO product_sold(id, shop_id, customer_id, name, price)
VALUES (17, 1, 7, 'wino',16 );
INSERT INTO product_sold(id, shop_id, customer_id, name, price)
VALUES (18, 1,9, 'piwo',4 );
INSERT INTO product_sold(id, shop_id, customer_id, name, price)
VALUES (19, 1,13, 'wino',24 );
INSERT INTO product_sold(id, shop_id, customer_id, name, price)
VALUES (20, 1, 5, 'wino',24 );
INSERT INTO product_sold(id, shop_id, customer_id, name, price)
VALUES (21, 1, 11, 'maskotka',24 );
INSERT INTO product_sold(id, shop_id, customer_id, name, price)
VALUES (22, 1, 12, 'pocztówka',12 );
INSERT INTO product_sold(id, shop_id, customer_id, name, price)
VALUES (23, 1, 6, 'pocztówka',87 );
INSERT INTO product_sold(id, shop_id, customer_id, name, price)
VALUES (24, 1, 7, 'piasek',85 );
INSERT INTO product_sold(id, shop_id, customer_id, name, price)
VALUES (25, 1, 8, 'wino',345 );

INSERT INTO product_sold(id, shop_id, customer_id, name, price)
VALUES (26, 2, 20, 'maskotka',46);
INSERT INTO product_sold(id, shop_id, customer_id, name, price)
VALUES (27, 2, 21, 'pocztówka',6 );
INSERT INTO product_sold(id, shop_id, customer_id, name, price)
VALUES (28, 2, 16, 'pocztówka',21);
INSERT INTO product_sold(id, shop_id, customer_id, name, price)
VALUES (29, 2, 18, 'piasek', 57);
INSERT INTO product_sold(id, shop_id, customer_id, name, price)
VALUES (30, 2, 17, 'wino', 27);
INSERT INTO product_sold(id, shop_id, customer_id, name, price)
VALUES (31, 2, 24, 'wino', 17);
INSERT INTO product_sold(id, shop_id, customer_id, name, price)
VALUES (32, 2,  23,'maskotka',76);
INSERT INTO product_sold(id, shop_id, customer_id, name, price)
VALUES (33, 2,  22,'maskotka',27);
INSERT INTO product_sold(id, shop_id, customer_id, name, price)
VALUES (34, 2,  25,'pocztówka',39);
INSERT INTO product_sold(id, shop_id, customer_id, name, price)
VALUES (35, 2,  26,'wino',73);
INSERT INTO product_sold(id, shop_id, customer_id, name, price)
VALUES (36, 2,  27,'piwo',12);
INSERT INTO product_sold(id, shop_id, customer_id, name, price)
VALUES (37, 2,  28,'obraz',65);
INSERT INTO product_sold(id, shop_id, customer_id, name, price)
VALUES (38, 2,  29,'maskotka',19);
INSERT INTO product_sold(id, shop_id, customer_id, name, price)
VALUES (39, 2,  30,'maskotka',76);
INSERT INTO product_sold(id, shop_id, customer_id, name, price)
VALUES (40, 2,  31,'maskotka',32);


INSERT INTO product_sold(id, shop_id, customer_id, name, price)
VALUES (51, 3, 34, 'wino',24 );
INSERT INTO product_sold(id, shop_id, customer_id, name, price)
VALUES (52, 3,  39,'maskotka',12 );
INSERT INTO product_sold(id, shop_id, customer_id, name, price)
VALUES (53, 3,  40,'maskotka',87 );
INSERT INTO product_sold(id, shop_id, customer_id, name, price)
VALUES (54, 3,  36,'pocztówka',85 );
INSERT INTO product_sold(id, shop_id, customer_id, name, price)
VALUES (55, 3,  40,'pocztówka',345 );
INSERT INTO product_sold(id, shop_id, customer_id, name, price)
VALUES (56, 3,  38,'piasek',12 );
INSERT INTO product_sold(id, shop_id, customer_id, name, price)
VALUES (57, 3,  35,'wino',16 );
INSERT INTO product_sold(id, shop_id, customer_id, name, price)
VALUES (58, 3,  35,'piwo',4 );
INSERT INTO product_sold(id, shop_id, customer_id, name, price)
VALUES (59, 3,  32,'wino',24 );
INSERT INTO product_sold(id, shop_id, customer_id, name, price)
VALUES (60, 3,  32,'piwo',24 );

INSERT INTO product_sold(id, shop_id, customer_id, name, price)
VALUES (61, 4, 56, 'wino',24 );
INSERT INTO product_sold(id, shop_id, customer_id, name, price)
VALUES (62, 4,  50,'maskotka',12 );
INSERT INTO product_sold(id, shop_id, customer_id, name, price)
VALUES (63, 4,  46,'maskotka',87 );
INSERT INTO product_sold(id, shop_id, customer_id, name, price)
VALUES (64, 4,  45,'pocztówka',85 );
INSERT INTO product_sold(id, shop_id, customer_id, name, price)
VALUES (65, 4,  41,'pocztówka',345 );
INSERT INTO product_sold(id, shop_id, customer_id, name, price)
VALUES (66, 4,  43,'piasek',12 );
INSERT INTO product_sold(id, shop_id, customer_id, name, price)
VALUES (67, 4,  44,'wino',16 );
INSERT INTO product_sold(id, shop_id, customer_id, name, price)
VALUES (68, 4,  56,'piwo',4 );
INSERT INTO product_sold(id, shop_id, customer_id, name, price)
VALUES (69, 4,  54,'wino',24 );
INSERT INTO product_sold(id, shop_id, customer_id, name, price)
VALUES (70, 4,  43,'wino',24 );

INSERT INTO product_sold(id, shop_id, customer_id, name, price)
VALUES (81, 5, 61, 'wino',24 );
INSERT INTO product_sold(id, shop_id, customer_id, name, price)
VALUES (82, 5,  64,'maskotka',12 );
INSERT INTO product_sold(id, shop_id, customer_id, name, price)
VALUES (83, 5,  63,'maskotka',87 );
INSERT INTO product_sold(id, shop_id, customer_id, name, price)
VALUES (84, 5,  66,'pocztówka',85 );
INSERT INTO product_sold(id, shop_id, customer_id, name, price)
VALUES (85, 5,  61,'pocztówka',345 );
INSERT INTO product_sold(id, shop_id, customer_id, name, price)
VALUES (86, 5,  60,'piasek',12 );
INSERT INTO product_sold(id, shop_id, customer_id, name, price)
VALUES (87, 5,  65,'wino',16 );
INSERT INTO product_sold(id, shop_id, customer_id, name, price)
VALUES (88, 5,  65,'piwo',4 );
INSERT INTO product_sold(id, shop_id, customer_id, name, price)
VALUES (89, 5,  62,'wino',24 );
INSERT INTO product_sold(id, shop_id, customer_id, name, price)
VALUES (90, 5,  61,'wino',24 );
